,country,GDP,sex,2016,2015,2010,2000
0,Qatar,67187.68,both sexes,5.8,5.7,5.1,3.8
1,Qatar,67187.68,male,7.3,7.1,6.5,4.9
2,Qatar,67187.68,female,1.1,1.1,1.1,1.4
3,Japan,47403.05,both sexes,14.3,15.1,19.0,18.8
4,Japan,47403.05,male,20.5,21.6,27.6,28.0
5,Japan,47403.05,female,8.1,8.6,10.4,9.9
6,United Arab Emirates,41045.13,both sexes,2.7,2.7,2.8,3.4
7,United Arab Emirates,41045.13,male,3.5,3.5,3.6,4.3
8,United Arab Emirates,41045.13,female,0.8,0.8,0.9,1.5
9,Slovenia,24568.64,both sexes,13.3,14.8,15.5,26.0
10,Slovenia,24568.64,male,22.4,24.3,26.5,40.5
11,Slovenia,24568.64,female,4.5,5.8,5.1,13.2
12,Greece,22320.37,both sexes,3.8,3.6,2.6,2.9
13,Greece,22320.37,male,6.1,5.8,4.6,4.5
14,Greece,22320.37,female,1.5,1.5,0.6,1.2
15,Saudi Arabia,21269.9,both sexes,3.4,3.4,3.8,3.4
16,Saudi Arabia,21269.9,male,4.6,4.6,5.4,5.0
17,Saudi Arabia,21269.9,female,1.7,1.7,1.7,1.4
18,Estonia,18177.01,both sexes,14.4,13.3,14.9,25.4
19,Estonia,18177.01,male,25.6,23.9,26.6,43.8
20,Estonia,18177.01,female,4.4,3.8,4.5,9.7
21,Croatia,14707.24,both sexes,11.5,12.3,13.3,16.8
22,Croatia,14707.24,male,18.8,19.7,21.5,28.1
23,Croatia,14707.24,female,5.1,5.9,6.0,7.1
24,Turkey,14152.83,both sexes,7.2,7.2,8.1,7.3
25,Turkey,14152.83,male,11.3,11.3,12.8,12.0
26,Turkey,14152.83,female,3.2,3.3,3.8,2.9
27,Panama,11107.24,both sexes,4.4,4.0,5.3,6.6
28,Panama,11107.24,male,7.6,6.7,9.1,11.7
29,Panama,11107.24,female,1.2,1.4,1.5,1.6
30,Brazil,10965.97,both sexes,6.1,6.2,5.7,5.3
31,Brazil,10965.97,male,9.7,9.7,9.0,8.9
32,Brazil,10965.97,female,2.8,2.9,2.8,2.2
33,Mexico,10183.03,both sexes,5.2,5.6,4.8,4.0
34,Mexico,10183.03,male,8.2,9.0,7.9,6.9
35,Mexico,10183.03,female,2.3,2.4,1.9,1.2
36,Romania,10172.95,both sexes,8.0,9.1,11.5,11.7
37,Romania,10172.95,male,13.9,16.2,19.8,19.9
38,Romania,10172.95,female,2.4,2.5,3.7,3.8
39,Costa Rica,9647.76,both sexes,7.5,7.5,8.4,7.7
40,Costa Rica,9647.76,male,12.8,12.8,14.5,13.9
41,Costa Rica,9647.76,female,2.3,2.3,2.4,1.8
42,Bulgaria,8012.51,both sexes,7.9,7.9,8.6,14.3
43,Bulgaria,8012.51,male,13.1,13.1,14.0,22.1
44,Bulgaria,8012.51,female,3.2,3.2,3.7,7.2
45,Thailand,5916.48,both sexes,12.9,13.1,13.0,15.9
46,Thailand,5916.48,male,21.4,21.7,21.0,23.7
47,Thailand,5916.48,female,4.8,4.9,5.5,8.3
48,Azerbaijan,5813.33,both sexes,2.6,2.7,3.0,2.4
49,Azerbaijan,5813.33,male,4.3,4.4,5.1,4.1
50,Azerbaijan,5813.33,female,1.0,1.0,1.2,1.0
51,Ecuador,5176.06,both sexes,7.2,9.7,8.7,6.3
52,Ecuador,5176.06,male,10.7,14.8,12.8,9.1
53,Ecuador,5176.06,female,3.8,4.9,4.7,3.7
54,Albania,4681.83,both sexes,5.6,5.3,7.7,5.8
55,Albania,4681.83,male,7.0,6.7,9.5,8.2
56,Albania,4681.83,female,4.3,4.0,6.0,3.6
57,Fiji,4439.56,both sexes,5.5,5.6,5.2,4.9
58,Fiji,4439.56,male,8.8,8.9,7.9,6.8
59,Fiji,4439.56,female,2.5,2.5,2.5,3.1
60,Mongolia,3866.25,both sexes,13.3,13.4,16.1,19.7
61,Mongolia,3866.25,male,23.3,23.4,28.0,31.5
62,Mongolia,3866.25,female,3.8,3.9,4.8,8.2
63,Jordan,3314.3,both sexes,3.7,3.7,3.7,4.8
64,Jordan,3314.3,male,4.7,4.7,4.7,5.8
65,Jordan,3314.3,female,2.7,2.7,2.7,3.7
66,Morocco,3212.82,both sexes,3.1,3.1,4.1,8.2
67,Morocco,3212.82,male,2.5,2.5,3.0,6.7
68,Morocco,3212.82,female,3.6,3.7,5.0,9.5
69,Guatemala,3190.86,both sexes,2.9,3.4,3.3,3.9
70,Guatemala,3190.86,male,4.4,5.0,5.4,6.5
71,Guatemala,3190.86,female,1.7,1.9,1.4,1.6
72,India,1875.72,both sexes,16.5,16.7,17.1,18.7
73,India,1875.72,male,18.5,18.8,19.1,21.3
74,India,1875.72,female,14.5,14.7,15.1,16.1
75,Zambia,1652.61,both sexes,11.3,11.2,11.5,14.1
76,Zambia,1652.61,male,17.5,17.4,17.9,21.9
77,Zambia,1652.61,female,6.2,6.1,6.2,7.5
78,Senegal,1394.58,both sexes,11.8,12.1,13.1,14.0
79,Senegal,1394.58,male,20.3,20.8,21.9,22.6
80,Senegal,1394.58,female,5.2,5.4,6.2,6.8
81,Haiti,1265.23,both sexes,12.2,12.2,10.9,10.3
82,Haiti,1265.23,male,18.3,18.5,16.5,16.3
83,Haiti,1265.23,female,6.4,6.4,5.7,4.8
84,Zimbabwe,1224.31,both sexes,19.1,18.9,20.6,21.7
85,Zimbabwe,1224.31,male,29.1,28.7,32.3,35.5
86,Zimbabwe,1224.31,female,11.1,11.1,11.1,9.8
87,Uganda,913.05,both sexes,20.0,20.2,21.8,22.8
88,Uganda,913.05,male,21.2,21.1,21.2,21.2
89,Uganda,913.05,female,18.7,19.2,22.0,23.9
90,Rwanda,789.09,both sexes,11.0,11.2,12.5,24.6
91,Rwanda,789.09,male,16.9,17.2,18.7,30.5
92,Rwanda,789.09,female,6.0,6.2,7.2,19.4
93,Yemen,694.15,both sexes,9.8,9.9,10.6,9.1
94,Yemen,694.15,male,13.4,13.6,14.6,12.8
95,Yemen,694.15,female,6.2,6.3,6.6,5.5
96,Togo,649.45,both sexes,16.6,16.3,16.9,17.2
97,Togo,649.45,male,22.7,22.3,23.0,23.2
98,Togo,649.45,female,10.9,10.7,11.2,11.8
99,Cuba,8060.8,both sexes,10.1,10.0,11.4,15.8
100,Cuba,8060.8,male,16.4,16.3,18.3,22.9
101,Cuba,8060.8,female,4.1,4.0,4.8,9.1
102,Syrian Arab Republic,709.0,both sexes,2.4,2.4,2.4,1.8
103,Syrian Arab Republic,709.0,male,3.8,3.8,3.7,2.9
104,Syrian Arab Republic,709.0,female,1.1,1.1,1.1,0.8
105,Republic of Korea,26725.5,both sexes,20.2,21.4,28.1,14.2
106,Republic of Korea,26725.5,male,29.6,31.4,39.3,20.8
107,Republic of Korea,26725.5,female,11.6,12.5,18.7,8.5
108,United States of America,52746.47,both sexes,13.7,13.3,11.8,10.1
109,United States of America,52746.47,male,21.1,20.5,18.6,16.5
110,United States of America,52746.47,female,6.4,6.3,5.2,4.1
