,Country,GDP,2016
0,Burundi,219.96,15.0
1,Central African Republic,359.6,11.6
2,Democratic Republic of the Congo,407.29,9.7
3,Sierra Leone,457.83,16.1
4,Madagascar,475.75,6.9
5,Malawi,506.25,7.8
6,Ethiopia,514.06,11.4
7,Niger,529.64,9.0
8,Liberia,548.27,13.4
9,Afghanistan,571.08,6.4
10,Mozambique,585.18,8.4
11,Togo,649.45,16.6
12,Yemen,694.15,9.8
13,Nepal,726.6,9.6
14,Gambia,747.0,10.0
15,Burkina Faso,747.89,14.8
16,Mali,749.69,8.9
17,Rwanda,789.09,11.0
18,Guinea,809.97,10.5
19,Chad,869.06,15.5
20,Uganda,913.05,20.0
21,Tajikistan,976.37,3.3
22,Kyrgyzstan,1043.95,9.1
23,Bangladesh,1062.0,6.1
24,Cambodia,1079.51,5.9
25,Pakistan,1117.5,3.1
26,Kenya,1129.72,5.6
27,Benin,1134.92,15.7
28,Zimbabwe,1224.31,19.1
29,Sao Tome and Principe,1259.56,3.1
30,Haiti,1265.23,12.2
31,Lesotho,1325.05,28.9
32,Comoros,1366.67,11.1
33,Senegal,1394.58,11.8
34,Cameroon,1469.19,19.5
35,Ghana,1641.83,8.7
36,Zambia,1652.61,11.3
37,Mauritania,1705.03,7.5
38,Solomon Islands,1707.23,5.9
39,Kiribati,1772.95,15.2
40,India,1875.72,16.5
41,Nicaragua,1895.22,11.9
42,Sudan,2042.11,9.5
43,Honduras,2111.19,3.4
44,Uzbekistan,2229.78,7.4
45,Papua New Guinea,2416.21,7.0
46,Nigeria,2443.44,17.3
47,Vanuatu,2733.23,5.4
48,Egypt,2762.59,4.4
49,Philippines,2886.9,3.7
50,Ukraine,2903.8,18.5
51,Bhutan,2970.78,11.6
52,Guatemala,3190.86,2.9
53,Morocco,3212.82,3.1
54,Jordan,3314.3,3.7
55,El Salvador,3382.44,13.5
56,Angola,3530.31,8.9
57,Sri Lanka,3769.16,14.2
58,Samoa,3824.4,5.4
59,Mongolia,3866.25,13.3
60,Armenia,3917.38,5.7
61,Indonesia,3968.02,3.7
62,Belize,4219.45,5.9
63,Georgia,4304.9,6.7
64,Tonga,4310.02,4.0
65,Tunisia,4310.53,3.2
66,Fiji,4439.56,5.5
67,Albania,4681.83,5.6
68,Jamaica,4762.54,2.0
69,Algeria,4830.18,3.3
70,Paraguay,5094.03,9.3
71,Ecuador,5176.06,7.2
72,Guyana,5442.66,30.2
73,Bosnia and Herzegovina,5591.59,6.4
74,Libya,5669.74,5.5
75,Azerbaijan,5813.33,2.6
76,Thailand,5916.48,12.9
77,Iraq,5957.6,4.1
78,Belarus,6215.7,21.4
79,Namibia,6255.29,11.5
80,Peru,6262.37,5.1
81,Serbia,6396.22,10.9
82,Lebanon,6408.97,3.2
83,Saint Vincent and the Grenadines,6686.15,2.4
84,China,6908.11,8.0
85,Turkmenistan,6987.07,7.2
86,Dominican Republic,7026.18,10.5
87,South Africa,7476.09,12.8
88,Montenegro,7499.81,7.9
89,Maldives,7631.54,2.7
90,Colombia,7633.39,7.0
91,Botswana,7797.21,11.5
92,Suriname,7966.76,23.2
93,Bulgaria,8012.51,7.9
94,Grenada,8449.15,1.7
95,Saint Lucia,8786.31,7.3
96,Gabon,9429.0,9.6
97,Costa Rica,9647.76,7.5
98,Mauritius,9833.61,7.3
99,Romania,10172.95,8.0
100,Mexico,10183.03,5.2
101,Argentina,10239.48,9.1
102,Kazakhstan,10582.7,22.8
103,Brazil,10965.97,6.1
104,Panama,11107.24,4.4
105,Malaysia,11244.06,6.2
106,Equatorial Guinea,12358.28,22.0
107,Seychelles,13606.09,8.3
108,Antigua and Barbuda,13918.98,0.5
109,Uruguay,14124.12,16.5
110,Turkey,14152.83,7.2
111,Croatia,14707.24,11.5
112,Chile,14777.15,9.7
113,Latvia,14886.89,17.2
114,Poland,15076.39,13.4
115,Hungary,15213.05,13.6
116,Trinidad and Tobago,15760.57,12.9
117,Lithuania,15984.41,25.7
118,Barbados,16202.0,0.4
119,Oman,16679.07,3.5
120,Estonia,18177.01,14.4
121,Slovakia,19276.36,10.1
122,Saudi Arabia,21269.9,3.4
123,Bahrain,22272.94,5.7
124,Greece,22320.37,3.8
125,Portugal,22533.63,8.6
126,Slovenia,24568.64,13.3
127,Malta,26885.38,6.5
128,Bahamas,27706.51,1.6
129,Cyprus,29523.87,4.5
130,Spain,31449.28,6.1
131,Israel,33723.41,5.2
132,Italy,34459.21,5.5
133,Kuwait,35887.11,2.2
134,New Zealand,37267.35,11.6
135,United Arab Emirates,41045.13,2.7
136,France,42140.04,12.1
137,Germany,45844.64,9.1
138,Belgium,45850.93,15.7
139,Finland,46796.34,13.8
140,Japan,47403.05,14.3
141,Austria,48215.89,11.4
142,Iceland,49804.17,13.3
143,Canada,50314.42,10.4
144,Netherlands,52727.1,9.6
145,Singapore,55088.35,7.9
146,Australia,55728.68,11.7
147,Sweden,56788.54,11.7
148,Denmark,61877.98,9.2
149,Ireland,66046.8,10.9
150,Qatar,67187.68,5.8
151,Switzerland,80448.7,11.3
152,Norway,90195.96,10.1
153,Luxembourg,110162.13,10.4
