,Country,GDP,2010
0,Burundi,219.96,14.9
1,Central African Republic,359.6,13.7
2,Democratic Republic of the Congo,407.29,9.5
3,Sierra Leone,457.83,16.0
4,Madagascar,475.75,7.7
5,Malawi,506.25,8.1
6,Ethiopia,514.06,12.0
7,Niger,529.64,9.4
8,Liberia,548.27,13.2
9,Afghanistan,571.08,7.4
10,Mozambique,585.18,9.5
11,Togo,649.45,16.9
12,Yemen,694.15,10.6
13,Nepal,726.6,12.2
14,Gambia,747.0,10.0
15,Burkina Faso,747.89,14.5
16,Mali,749.69,8.7
17,Rwanda,789.09,12.5
18,Guinea,809.97,11.2
19,Chad,869.06,16.3
20,Uganda,913.05,21.8
21,Tajikistan,976.37,3.4
22,Kyrgyzstan,1043.95,11.9
23,Bangladesh,1062.0,6.6
24,Cambodia,1079.51,6.3
25,Pakistan,1117.5,3.3
26,Kenya,1129.72,5.7
27,Benin,1134.92,15.5
28,Zimbabwe,1224.31,20.6
29,Sao Tome and Principe,1259.56,2.8
30,Haiti,1265.23,10.9
31,Lesotho,1325.05,27.6
32,Comoros,1366.67,11.0
33,Senegal,1394.58,13.1
34,Cameroon,1469.19,18.7
35,Ghana,1641.83,7.8
36,Zambia,1652.61,11.5
37,Mauritania,1705.03,6.8
38,Solomon Islands,1707.23,7.1
39,Kiribati,1772.95,15.3
40,India,1875.72,17.1
41,Nicaragua,1895.22,12.4
42,Sudan,2042.11,9.5
43,Honduras,2111.19,3.1
44,Uzbekistan,2229.78,6.0
45,Papua New Guinea,2416.21,6.4
46,Nigeria,2443.44,18.2
47,Vanuatu,2733.23,6.2
48,Egypt,2762.59,4.0
49,Philippines,2886.9,4.0
50,Ukraine,2903.8,22.6
51,Bhutan,2970.78,12.2
52,Guatemala,3190.86,3.3
53,Morocco,3212.82,4.1
54,Jordan,3314.3,3.7
55,El Salvador,3382.44,11.3
56,Angola,3530.31,10.4
57,Sri Lanka,3769.16,19.2
58,Samoa,3824.4,6.4
59,Mongolia,3866.25,16.1
60,Armenia,3917.38,5.4
61,Indonesia,3968.02,4.0
62,Belize,4219.45,6.5
63,Georgia,4304.9,5.8
64,Tonga,4310.02,4.3
65,Tunisia,4310.53,3.6
66,Fiji,4439.56,5.2
67,Albania,4681.83,7.7
68,Jamaica,4762.54,2.0
69,Algeria,4830.18,3.5
70,Paraguay,5094.03,9.3
71,Ecuador,5176.06,8.7
72,Guyana,5442.66,29.3
73,Bosnia and Herzegovina,5591.59,6.3
74,Libya,5669.74,5.8
75,Azerbaijan,5813.33,3.0
76,Thailand,5916.48,13.0
77,Iraq,5957.6,3.8
78,Belarus,6215.7,31.9
79,Namibia,6255.29,13.5
80,Peru,6262.37,4.9
81,Serbia,6396.22,11.3
82,Lebanon,6408.97,3.2
83,Saint Vincent and the Grenadines,6686.15,3.2
84,China,6908.11,10.0
85,Turkmenistan,6987.07,7.7
86,Dominican Republic,7026.18,9.0
87,South Africa,7476.09,13.9
88,Montenegro,7499.81,8.3
89,Maldives,7631.54,3.7
90,Colombia,7633.39,7.1
91,Botswana,7797.21,13.8
92,Suriname,7966.76,28.3
93,Bulgaria,8012.51,8.6
94,Grenada,8449.15,0.9
95,Saint Lucia,8786.31,6.1
96,Gabon,9429.0,9.2
97,Costa Rica,9647.76,8.4
98,Mauritius,9833.61,7.7
99,Romania,10172.95,11.5
100,Mexico,10183.03,4.8
101,Argentina,10239.48,8.6
102,Kazakhstan,10582.7,32.0
103,Brazil,10965.97,5.7
104,Panama,11107.24,5.3
105,Malaysia,11244.06,6.3
106,Equatorial Guinea,12358.28,22.2
107,Seychelles,13606.09,9.0
108,Antigua and Barbuda,13918.98,0.2
109,Uruguay,14124.12,14.9
110,Turkey,14152.83,8.1
111,Croatia,14707.24,13.3
112,Chile,14777.15,11.6
113,Latvia,14886.89,18.8
114,Poland,15076.39,15.5
115,Hungary,15213.05,19.5
116,Trinidad and Tobago,15760.57,13.5
117,Lithuania,15984.41,31.3
118,Barbados,16202.0,1.6
119,Oman,16679.07,3.5
120,Estonia,18177.01,14.9
121,Slovakia,19276.36,11.4
122,Saudi Arabia,21269.9,3.8
123,Bahrain,22272.94,5.3
124,Greece,22320.37,2.6
125,Portugal,22533.63,8.8
126,Slovenia,24568.64,15.5
127,Malta,26885.38,7.0
128,Bahamas,27706.51,1.9
129,Cyprus,29523.87,4.9
130,Spain,31449.28,5.1
131,Israel,33723.41,7.2
132,Italy,34459.21,5.2
133,Kuwait,35887.11,1.5
134,New Zealand,37267.35,12.2
135,United Arab Emirates,41045.13,2.8
136,France,42140.04,14.8
137,Germany,45844.64,9.8
138,Belgium,45850.93,16.8
139,Finland,46796.34,16.6
140,Japan,47403.05,19.0
141,Austria,48215.89,12.2
142,Iceland,49804.17,12.3
143,Canada,50314.42,11.1
144,Netherlands,52727.1,8.2
145,Singapore,55088.35,8.4
146,Australia,55728.68,11.0
147,Sweden,56788.54,12.0
148,Denmark,61877.98,9.3
149,Ireland,66046.8,11.3
150,Qatar,67187.68,5.1
151,Switzerland,80448.7,11.3
152,Norway,90195.96,10.6
153,Luxembourg,110162.13,10.3
