,Country,GDP,2015
0,Burundi,219.96,14.8
1,Central African Republic,359.6,12.1
2,Democratic Republic of the Congo,407.29,9.5
3,Sierra Leone,457.83,15.7
4,Madagascar,475.75,7.0
5,Malawi,506.25,7.6
6,Ethiopia,514.06,11.5
7,Niger,529.64,9.1
8,Liberia,548.27,12.9
9,Afghanistan,571.08,6.6
10,Mozambique,585.18,8.5
11,Togo,649.45,16.3
12,Yemen,694.15,9.9
13,Nepal,726.6,10.1
14,Gambia,747.0,10.1
15,Burkina Faso,747.89,14.8
16,Mali,749.69,8.9
17,Rwanda,789.09,11.2
18,Guinea,809.97,10.7
19,Chad,869.06,15.7
20,Uganda,913.05,20.2
21,Tajikistan,976.37,3.4
22,Kyrgyzstan,1043.95,8.8
23,Bangladesh,1062.0,6.3
24,Cambodia,1079.51,5.9
25,Pakistan,1117.5,3.1
26,Kenya,1129.72,5.5
27,Benin,1134.92,15.7
28,Zimbabwe,1224.31,18.9
29,Sao Tome and Principe,1259.56,3.1
30,Haiti,1265.23,12.2
31,Lesotho,1325.05,28.5
32,Comoros,1366.67,11.1
33,Senegal,1394.58,12.1
34,Cameroon,1469.19,19.6
35,Ghana,1641.83,8.6
36,Zambia,1652.61,11.2
37,Mauritania,1705.03,7.4
38,Solomon Islands,1707.23,6.1
39,Kiribati,1772.95,15.3
40,India,1875.72,16.7
41,Nicaragua,1895.22,11.9
42,Sudan,2042.11,9.5
43,Honduras,2111.19,3.3
44,Uzbekistan,2229.78,7.4
45,Papua New Guinea,2416.21,7.0
46,Nigeria,2443.44,17.5
47,Vanuatu,2733.23,5.5
48,Egypt,2762.59,4.2
49,Philippines,2886.9,3.8
50,Ukraine,2903.8,19.0
51,Bhutan,2970.78,11.9
52,Guatemala,3190.86,3.4
53,Morocco,3212.82,3.1
54,Jordan,3314.3,3.7
55,El Salvador,3382.44,13.9
56,Angola,3530.31,9.3
57,Sri Lanka,3769.16,14.5
58,Samoa,3824.4,5.5
59,Mongolia,3866.25,13.4
60,Armenia,3917.38,6.0
61,Indonesia,3968.02,3.7
62,Belize,4219.45,6.1
63,Georgia,4304.9,6.7
64,Tonga,4310.02,4.0
65,Tunisia,4310.53,3.3
66,Fiji,4439.56,5.6
67,Albania,4681.83,5.3
68,Jamaica,4762.54,2.0
69,Algeria,4830.18,3.4
70,Paraguay,5094.03,9.6
71,Ecuador,5176.06,9.7
72,Guyana,5442.66,30.3
73,Bosnia and Herzegovina,5591.59,6.6
74,Libya,5669.74,4.6
75,Azerbaijan,5813.33,2.7
76,Thailand,5916.48,13.1
77,Iraq,5957.6,4.1
78,Belarus,6215.7,21.2
79,Namibia,6255.29,11.8
80,Peru,6262.37,5.1
81,Serbia,6396.22,10.6
82,Lebanon,6408.97,3.3
83,Saint Vincent and the Grenadines,6686.15,2.7
84,China,6908.11,8.1
85,Turkmenistan,6987.07,7.5
86,Dominican Republic,7026.18,10.2
87,South Africa,7476.09,13.1
88,Montenegro,7499.81,7.7
89,Maldives,7631.54,3.0
90,Colombia,7633.39,8.1
91,Botswana,7797.21,12.0
92,Suriname,7966.76,24.4
93,Bulgaria,8012.51,7.9
94,Grenada,8449.15,1.1
95,Saint Lucia,8786.31,7.3
96,Gabon,9429.0,9.9
97,Costa Rica,9647.76,7.5
98,Mauritius,9833.61,8.1
99,Romania,10172.95,9.1
100,Mexico,10183.03,5.6
101,Argentina,10239.48,8.7
102,Kazakhstan,10582.7,25.2
103,Brazil,10965.97,6.2
104,Panama,11107.24,4.0
105,Malaysia,11244.06,6.1
106,Equatorial Guinea,12358.28,22.0
107,Seychelles,13606.09,8.5
108,Antigua and Barbuda,13918.98,0.8
109,Uruguay,14124.12,17.4
110,Turkey,14152.83,7.2
111,Croatia,14707.24,12.3
112,Chile,14777.15,10.0
113,Latvia,14886.89,17.3
114,Poland,15076.39,13.1
115,Hungary,15213.05,14.7
116,Trinidad and Tobago,15760.57,12.8
117,Lithuania,15984.41,28.8
118,Barbados,16202.0,0.4
119,Oman,16679.07,3.6
120,Estonia,18177.01,13.3
121,Slovakia,19276.36,10.1
122,Saudi Arabia,21269.9,3.4
123,Bahrain,22272.94,5.7
124,Greece,22320.37,3.6
125,Portugal,22533.63,8.6
126,Slovenia,24568.64,14.8
127,Malta,26885.38,7.0
128,Bahamas,27706.51,1.6
129,Cyprus,29523.87,4.3
130,Spain,31449.28,5.7
131,Israel,33723.41,4.8
132,Italy,34459.21,5.3
133,Kuwait,35887.11,2.2
134,New Zealand,37267.35,11.6
135,United Arab Emirates,41045.13,2.7
136,France,42140.04,12.5
137,Germany,45844.64,9.3
138,Belgium,45850.93,15.2
139,Finland,46796.34,12.4
140,Japan,47403.05,15.1
141,Austria,48215.89,11.5
142,Iceland,49804.17,12.9
143,Canada,50314.42,10.5
144,Netherlands,52727.1,9.7
145,Singapore,55088.35,7.6
146,Australia,55728.68,12.2
147,Sweden,56788.54,12.3
148,Denmark,61877.98,8.6
149,Ireland,66046.8,10.8
150,Qatar,67187.68,5.7
151,Switzerland,80448.7,11.4
152,Norway,90195.96,10.2
153,Luxembourg,110162.13,11.6
