,Country,GDP,2000
0,Burundi,219.96,12.9
1,Central African Republic,359.6,12.8
2,Democratic Republic of the Congo,407.29,10.9
3,Sierra Leone,457.83,19.2
4,Madagascar,475.75,8.5
5,Malawi,506.25,11.9
6,Ethiopia,514.06,13.7
7,Niger,529.64,8.8
8,Liberia,548.27,11.2
9,Afghanistan,571.08,8.1
10,Mozambique,585.18,14.2
11,Togo,649.45,17.2
12,Yemen,694.15,9.1
13,Nepal,726.6,18.0
14,Gambia,747.0,12.3
15,Burkina Faso,747.89,15.6
16,Mali,749.69,9.0
17,Rwanda,789.09,24.6
18,Guinea,809.97,10.6
19,Chad,869.06,15.0
20,Uganda,913.05,22.8
21,Tajikistan,976.37,4.2
22,Kyrgyzstan,1043.95,15.4
23,Bangladesh,1062.0,7.0
24,Cambodia,1079.51,7.3
25,Pakistan,1117.5,4.0
26,Kenya,1129.72,8.2
27,Benin,1134.92,15.6
28,Zimbabwe,1224.31,21.7
29,Sao Tome and Principe,1259.56,2.7
30,Haiti,1265.23,10.3
31,Lesotho,1325.05,26.8
32,Comoros,1366.67,8.8
33,Senegal,1394.58,14.0
34,Cameroon,1469.19,21.3
35,Ghana,1641.83,7.2
36,Zambia,1652.61,14.1
37,Mauritania,1705.03,6.2
38,Solomon Islands,1707.23,12.7
39,Kiribati,1772.95,15.6
40,India,1875.72,18.7
41,Nicaragua,1895.22,18.3
42,Sudan,2042.11,9.5
43,Honduras,2111.19,3.3
44,Uzbekistan,2229.78,9.1
45,Papua New Guinea,2416.21,8.4
46,Nigeria,2443.44,18.5
47,Vanuatu,2733.23,8.7
48,Egypt,2762.59,3.9
49,Philippines,2886.9,3.1
50,Ukraine,2903.8,32.0
51,Bhutan,2970.78,16.3
52,Guatemala,3190.86,3.9
53,Morocco,3212.82,8.2
54,Jordan,3314.3,4.8
55,El Salvador,3382.44,14.8
56,Angola,3530.31,13.9
57,Sri Lanka,3769.16,30.3
58,Samoa,3824.4,10.7
59,Mongolia,3866.25,19.7
60,Armenia,3917.38,3.2
61,Indonesia,3968.02,4.3
62,Belize,4219.45,7.4
63,Georgia,4304.9,5.4
64,Tonga,4310.02,4.5
65,Tunisia,4310.53,3.8
66,Fiji,4439.56,4.9
67,Albania,4681.83,5.8
68,Jamaica,4762.54,2.5
69,Algeria,4830.18,4.7
70,Paraguay,5094.03,11.0
71,Ecuador,5176.06,6.3
72,Guyana,5442.66,26.7
73,Bosnia and Herzegovina,5591.59,9.7
74,Libya,5669.74,6.2
75,Azerbaijan,5813.33,2.4
76,Thailand,5916.48,15.9
77,Iraq,5957.6,3.8
78,Belarus,6215.7,38.7
79,Namibia,6255.29,14.5
80,Peru,6262.37,6.0
81,Serbia,6396.22,16.8
82,Lebanon,6408.97,3.2
83,Saint Vincent and the Grenadines,6686.15,7.2
84,China,6908.11,14.1
85,Turkmenistan,6987.07,9.9
86,Dominican Republic,7026.18,10.9
87,South Africa,7476.09,14.4
88,Montenegro,7499.81,9.4
89,Maldives,7631.54,6.5
90,Colombia,7633.39,8.0
91,Botswana,7797.21,15.3
92,Suriname,7966.76,26.4
93,Bulgaria,8012.51,14.3
94,Grenada,8449.15,2.7
95,Saint Lucia,8786.31,7.4
96,Gabon,9429.0,8.9
97,Costa Rica,9647.76,7.7
98,Mauritius,9833.61,10.8
99,Romania,10172.95,11.7
100,Mexico,10183.03,4.0
101,Argentina,10239.48,9.5
102,Kazakhstan,10582.7,34.9
103,Brazil,10965.97,5.3
104,Panama,11107.24,6.6
105,Malaysia,11244.06,7.4
106,Equatorial Guinea,12358.28,21.2
107,Seychelles,13606.09,9.4
108,Antigua and Barbuda,13918.98,2.1
109,Uruguay,14124.12,15.9
110,Turkey,14152.83,7.3
111,Croatia,14707.24,16.8
112,Chile,14777.15,11.1
113,Latvia,14886.89,29.7
114,Poland,15076.39,15.2
115,Hungary,15213.05,26.1
116,Trinidad and Tobago,15760.57,15.2
117,Lithuania,15984.41,46.3
118,Barbados,16202.0,2.1
119,Oman,16679.07,4.8
120,Estonia,18177.01,25.4
121,Slovakia,19276.36,12.8
122,Saudi Arabia,21269.9,3.4
123,Bahrain,22272.94,7.3
124,Greece,22320.37,2.9
125,Portugal,22533.63,5.3
126,Slovenia,24568.64,26.0
127,Malta,26885.38,5.7
128,Bahamas,27706.51,2.2
129,Cyprus,29523.87,2.1
130,Spain,31449.28,6.5
131,Israel,33723.41,7.4
132,Italy,34459.21,5.8
133,Kuwait,35887.11,1.6
134,New Zealand,37267.35,12.7
135,United Arab Emirates,41045.13,3.4
136,France,42140.04,16.9
137,Germany,45844.64,11.4
138,Belgium,45850.93,18.8
139,Finland,46796.34,21.6
140,Japan,47403.05,18.8
141,Austria,48215.89,16.0
142,Iceland,49804.17,16.0
143,Canada,50314.42,11.6
144,Netherlands,52727.1,8.3
145,Singapore,55088.35,11.7
146,Australia,55728.68,12.2
147,Sweden,56788.54,12.2
148,Denmark,61877.98,12.7
149,Ireland,66046.8,11.8
150,Qatar,67187.68,3.8
151,Switzerland,80448.7,16.8
152,Norway,90195.96,12.0
153,Luxembourg,110162.13,14.1
